-- phpMyAdmin SQL Dump
-- version 5.2.0
-- https://www.phpmyadmin.net/
--
-- Host: 127.0.0.1
-- Generation Time: Feb 11, 2023 at 12:17 PM
-- Server version: 10.4.27-MariaDB
-- PHP Version: 8.1.12

SET SQL_MODE = "NO_AUTO_VALUE_ON_ZERO";
START TRANSACTION;
SET time_zone = "+00:00";


/*!40101 SET @OLD_CHARACTER_SET_CLIENT=@@CHARACTER_SET_CLIENT */;
/*!40101 SET @OLD_CHARACTER_SET_RESULTS=@@CHARACTER_SET_RESULTS */;
/*!40101 SET @OLD_COLLATION_CONNECTION=@@COLLATION_CONNECTION */;
/*!40101 SET NAMES utf8mb4 */;

--
-- Database: `secure-attached-db`
--
CREATE DATABASE IF NOT EXISTS `secure-attached-db` DEFAULT CHARACTER SET utf8mb4 COLLATE utf8mb4_general_ci;
USE `secure-attached-db`;

-- --------------------------------------------------------

--
-- Table structure for table `file`
--

DROP TABLE IF EXISTS `file`;
CREATE TABLE `file` (
  `file_id` int(11) NOT NULL,
  `file_content` varchar(255) NOT NULL COMMENT 'filepath pada server',
  `file_type` varchar(50) NOT NULL,
  `fk_history` int(11) NOT NULL,
  `file_status` int(1) NOT NULL
) ENGINE=InnoDB DEFAULT CHARSET=utf8mb4 COLLATE=utf8mb4_general_ci;

--
-- Dumping data for table `file`
--

INSERT INTO `file` (`file_id`, `file_content`, `file_type`, `fk_history`, `file_status`) VALUES
(1, 'public18cobacoba.txt', 'txt', 1, 1),
(2, 'public18cobacoba.txt', 'txt', 1, 1),
(3, 'public18\06244c346a12be6c393191b29ead343d', 'txt', 3, 1),
(4, 'public189652691beff29f4c6f8db183fb6ce94a', 'txt', 4, 1),
(5, 'public1822c11c181314aaad00a358a2872d2848', 'txt', 5, 1),
(6, 'public\\63c239c74207e1e3047d455cc1ba7b58', 'txt', 6, 1),
(7, 'public\\c3384a6f727247f39341de07b1f0ce58', 'txt', 7, 1),
(8, 'public\\6f88bdeff10f81e4ab96fbd2b3a28736', 'txt', 8, 1),
(9, 'public\\cd7ff57f959b883903661d5c7d2dbd8b', 'txt', 9, 1),
(10, 'public\\cc89b99c5d4b0c6c8eef2a094e4479e1', 'txt', 10, 1),
(11, 'public\\03897e04ba200ecb4036099f2830927d', 'txt', 11, 1),
(12, 'public\\a4f799124564215851fa76933fe12b59', 'txt', 12, 1),
(13, 'public\\76c0c3ba62556b783422cc4e9fa43c7a', 'zip', 13, 1),
(14, 'public\\52939b9106ce24cad3b2250727666e28', 'zip', 14, 1);

-- --------------------------------------------------------

--
-- Table structure for table `history`
--

DROP TABLE IF EXISTS `history`;
CREATE TABLE `history` (
  `history_id` int(11) NOT NULL,
  `history_link` varchar(255) NOT NULL COMMENT 'http link untuk download',
  `history_fk_sender` int(11) NOT NULL,
  `history_fk_receiver` int(11) NOT NULL,
  `history_time` datetime NOT NULL,
  `history_status` int(1) NOT NULL
) ENGINE=InnoDB DEFAULT CHARSET=utf8mb4 COLLATE=utf8mb4_general_ci;

--
-- Dumping data for table `history`
--

INSERT INTO `history` (`history_id`, `history_link`, `history_fk_sender`, `history_fk_receiver`, `history_time`, `history_status`) VALUES
(1, '18cobacoba.txt', 18, 18, '0000-00-00 00:00:00', 1),
(2, '18cobacoba.txt', 18, 18, '0000-00-00 00:00:00', 1),
(3, '18\06244c346a12be6c393191b29ead343d', 18, 18, '0000-00-00 00:00:00', 1),
(4, '189652691beff29f4c6f8db183fb6ce94a', 18, 18, '0000-00-00 00:00:00', 1),
(5, '1822c11c181314aaad00a358a2872d2848', 18, 18, '0000-00-00 00:00:00', 1),
(6, '63c239c74207e1e3047d455cc1ba7b58', 18, 18, '0000-00-00 00:00:00', 1),
(7, 'c3384a6f727247f39341de07b1f0ce58', 18, 18, '0000-00-00 00:00:00', 1),
(8, '6f88bdeff10f81e4ab96fbd2b3a28736', 18, 18, '0000-00-00 00:00:00', 1),
(9, 'cd7ff57f959b883903661d5c7d2dbd8b', 18, 18, '0000-00-00 00:00:00', 1),
(10, 'cc89b99c5d4b0c6c8eef2a094e4479e1', 18, 18, '0000-00-00 00:00:00', 1),
(11, '\03897e04ba200ecb4036099f2830927d', 18, 18, '0000-00-00 00:00:00', 1),
(12, 'a4f799124564215851fa76933fe12b59', 18, 18, '0000-00-00 00:00:00', 1),
(13, '76c0c3ba62556b783422cc4e9fa43c7a', 18, 18, '2023-02-08 14:50:50', 1),
(14, '52939b9106ce24cad3b2250727666e28', 18, 18, '2023-02-11 09:59:32', 1);

-- --------------------------------------------------------

--
-- Table structure for table `kunci`
--

DROP TABLE IF EXISTS `kunci`;
CREATE TABLE `kunci` (
  `kunci_id` int(11) NOT NULL,
  `kunci_content` varchar(1024) NOT NULL,
  `fk_pengguna` int(11) NOT NULL,
  `kunci_status` int(1) NOT NULL
) ENGINE=InnoDB DEFAULT CHARSET=utf8mb4 COLLATE=utf8mb4_general_ci;

--
-- Dumping data for table `kunci`
--

INSERT INTO `kunci` (`kunci_id`, `kunci_content`, `fk_pengguna`, `kunci_status`) VALUES
(1, 'LS0tLS1CRUdJTiBQR1AgUFVCTElDIEtFWSBCTE9DSy0tLS0tCgp4ak1FWStFV0RoWUpLd1lCQkFIYVJ3OEJBUWRBalhuQm9VS2JtNWJoK0FhUDhZK3BhMTROaUo4UWs1d1gKT2c4ck1mU25SWm5OR1dSMWJXMTVOeUE4WkhWdGJYazNRR2R0WVdsc0xtTnZiVDdDakFRUUZnb0FQZ1VDClkrRVdEZ1FMQ1FjSUNSRHNrci93dWNNeG5RTVZDQW9FRmdBQ0FRSVpBUUliQXdJZUFSWWhCS1M4ZmZ3Ngp0LzNkWWJrdmxleVN2L0M1d3pHZEFBQ2F5d0QvWmxmdkkwdXdSOUhTTWpGeHBodXRoVFFLVkF6WmI5cFMKT3ZxTERtRWJmMkVCQUlHRitZVDdYZkpMUGZlYkNYTkhmY0pLMHJMa2JSR0xMdFJtY2JsRE1VTU56amdFClkrRVdEaElLS3dZQkJBR1hWUUVGQVFFSFFFSGIxVnNOOWlybjhKNGtHSjJGYWdCckUvd1paUGQvRER3cApvd3BWd25vMEF3RUlCOEo0QkJnV0NBQXFCUUpqNFJZT0NSRHNrci93dWNNeG5RSWJEQlloQktTOGZmdzYKdC8zZFlia3ZsZXlTdi9DNXd6R2RBQUJuSWdEN0IzUUN5ODB6V2hLSTNJaHgybjZsSzF4OHl5NmZQWTB0Cjh1V3FlUzFvWGhFQS8yaFlxQmtMQUhqNU5CdisrOFhTL3kwRmVONE9hZzdRN1FTaTJINUE2bFVICj1XTXZzCi0tLS0tRU5EIFBHUCBQVUJMSUMgS0VZIEJMT0NLLS0tLS0K', 18, 1),
(2, 'LS0tLS1CRUdJTiBQR1AgUFVCTElDIEtFWSBCTE9DSy0tLS0tCgp4ak1FWStFV09CWUpLd1lCQkFIYVJ3OEJBUWRBQlNaOFdwT3hVY0hCL084SjM2RzZxODB0cnVZNWU5YmEKSmoranRnbFhPUTNOR1dSMWJXMTVOeUE4WkhWdGJYazNRR2R0WVdsc0xtTnZiVDdDakFRUUZnb0FQZ1VDClkrRVdPQVFMQ1FjSUNSRHNUY0NhM2c2eGJnTVZDQW9FRmdBQ0FRSVpBUUliQXdJZUFSWWhCSHNSYzdxRAppMTE4azdCWGhleE53SnJlRHJGdUFBQkNxd0VBNnpJNGpzd1RMTE1ITDB2Z0UvaTRxZTNnaUR3SGVVUHkKMmJVblkweEhKaUlCQU1FNWVGUUtUMmVCYzVpWTVGUms5R3QrYm11YlNodzNGQXpJZklkdVJyNEd6amdFClkrRVdPQklLS3dZQkJBR1hWUUVGQVFFSFFGRHU1K25HV0kyVk9TZy9oUjRjaWRKNkNjR0FpSGtDVnlqSAp2MkxCdE1FQkF3RUlCOEo0QkJnV0NBQXFCUUpqNFJZNENSRHNUY0NhM2c2eGJnSWJEQlloQkhzUmM3cUQKaTExOGs3QlhoZXhOd0pyZURyRnVBQUFNT1FFQWloK2ZaUHRwMGNyeXh5TEgzWmNRaUFDSG83YUlrM0xpCkkwMFc5d1JwUHF3QkFNNlNycnkrK3Uwa3haTjllemZ3bFhxK3UwSUk1WXZqTmJmVGdwc0RoeGNLCj10aUhpCi0tLS0tRU5EIFBHUCBQVUJMSUMgS0VZIEJMT0NLLS0tLS0K', 18, 1),
(3, 'LS0tLS1CRUdJTiBQR1AgUFVCTElDIEtFWSBCTE9DSy0tLS0tCgp4ak1FWStFV1FCWUpLd1lCQkFIYVJ3OEJBUWRBOXU2NmRSRU94RlBzU2NUNjVNVGhYTmlkK2ZtMDlBaSsKbEpKNmVQcWNmcFBOR1dSMWJXMTVOeUE4WkhWdGJYazNRR2R0WVdsc0xtTnZiVDdDakFRUUZnb0FQZ1VDClkrRVdRQVFMQ1FjSUNSQ3kxL1N5cmYrdnRnTVZDQW9FRmdBQ0FRSVpBUUliQXdJZUFSWWhCQlYrZzJrNwozTCtTOFk0Y0JyTFg5TEt0LzYrMkFBQmxoZ0QvVTNvVjk1Zis2Q3F1SXVvOTZtNjNmQzJxTTgxa2h0bmEKbThOWnJIbVppUFVCQU5Lc1hoenpiTWhiTXgwS1NVWGFaRHd1N3JEdXFoT0J3eUI5T0UyY2xDMEV6amdFClkrRVdRQklLS3dZQkJBR1hWUUVGQVFFSFFJR1J2ZmFyUThkak40NUVxcTdsV3kvdkhnelAyUGhldzU4agpPaG1OM0owc0F3RUlCOEo0QkJnV0NBQXFCUUpqNFJaQUNSQ3kxL1N5cmYrdnRnSWJEQlloQkJWK2cyazcKM0wrUzhZNGNCckxYOUxLdC82KzJBQUNmNVFFQWdUc0dzLzM4a1llbzdnV0cxYzMvOHdiZmJoUElFL1cwCklXNmI4MW5xdGNRQkFLaCtWdmtzMVdFdWlyZWk3NE01Vk1jNkdOQ2MxWDFHdC9ObmdGVXRDSkVECj1SSTB3Ci0tLS0tRU5EIFBHUCBQVUJMSUMgS0VZIEJMT0NLLS0tLS0K', 18, 1),
(4, 'LS0tLS1CRUdJTiBQR1AgUFVCTElDIEtFWSBCTE9DSy0tLS0tCgp4ak1FWStFWWxSWUpLd1lCQkFIYVJ3OEJBUWRBQzdoOFpSUU9TYy95aUFHMDlIM0ZyU25GLzZxakNOTXEKZVllcE90dUZTZ0ROR1dSMWJXMTVOeUE4WkhWdGJYazNRR2R0WVdsc0xtTnZiVDdDakFRUUZnb0FQZ1VDClkrRVlsUVFMQ1FjSUNSQWo1LzFEdE4yeTZBTVZDQW9FRmdBQ0FRSVpBUUliQXdJZUFSWWhCTlBrM0xLYgoyMDJQbnBHbXppUG4vVU8wM2JMb0FBQWZUQUVBdHIzM2g0Y2plTms1WkJsOEhOZzdtNlJmWmtiV2h3SkMKSy9HUSsya3hXNWdCQU5qbW5hcUV1d1ZqYURmT3BhbWMzQ2VGQnpURml5MnEvblV5ejlZUzJxOEx6amdFClkrRVlsUklLS3dZQkJBR1hWUUVGQVFFSFFJVmNUdHBzVVJ6b2p2SDFXbE9JWFZ4aCt6SnJuV1M3VDZLcQpqbjJNakZKVkF3RUlCOEo0QkJnV0NBQXFCUUpqNFJpVkNSQWo1LzFEdE4yeTZBSWJEQlloQk5QazNMS2IKMjAyUG5wR216aVBuL1VPMDNiTG9BQUJNd1FEOUd0VnpqbzQwNG52bWR2bEl0a2R6SEptd0NKOGdLSG1aCmd5M3BaQ0p3YjV3QS8xRVE4TXdBZnJzTHdGWTYxaUxEbEtQZ093OGMweVRjWXIrcnR0bVZKOGNDCj1BeGxzCi0tLS0tRU5EIFBHUCBQVUJMSUMgS0VZIEJMT0NLLS0tLS0K', 18, 1),
(5, 'LS0tLS1CRUdJTiBQR1AgUFVCTElDIEtFWSBCTE9DSy0tLS0tCgp4ak1FWStFYW9oWUpLd1lCQkFIYVJ3OEJBUWRBMnZFa0FRZWxBTFN6TmRNUGxUS0ZabUZBQ3dIZTJqbmwKTUxYSjB5RWxPMmJOR1dSMWJXMTVOeUE4WkhWdGJYazNRR2R0WVdsc0xtTnZiVDdDakFRUUZnb0FQZ1VDClkrRWFvZ1FMQ1FjSUNSQ0NpdGRHLzI5cmZBTVZDQW9FRmdBQ0FRSVpBUUliQXdJZUFSWWhCTmI0cG9rUgo2Tis3RFdqekVJS0sxMGIvYjJ0OEFBQy9XQUQ4Q1I1SHBjdTJnRUFhYmoyS3NoZ1NWUXFNVTFiZEJQMXUKK3lpNjdveFE2dVFCQUt6S0lLZUJKbVhEQ090Rm04bDlEeVhxK1EreTBWMC9rWnNKNWhMaWRod0F6amdFClkrRWFvaElLS3dZQkJBR1hWUUVGQVFFSFFBNjhrOXpwbWNLbVBuQlovcjZZMjVKM2MzaFcwWnZLK1lqZApuWTB4cXpjZUF3RUlCOEo0QkJnV0NBQXFCUUpqNFJxaUNSQ0NpdGRHLzI5cmZBSWJEQlloQk5iNHBva1IKNk4rN0RXanpFSUtLMTBiL2IydDhBQUJzZ1FEOUVaQ3RBNk9IdmxvQ2l6dzZYbXpoZ3BpNml3QmFKSHpjCmVBOVBZZ0xnRkVVQS9pRGdOc2wyS3Q2QnpMcHhSdXZuVkVJUVlsVmlUVTdyUjNwRWtxQkZ0R3NBCj1OcGw1Ci0tLS0tRU5EIFBHUCBQVUJMSUMgS0VZIEJMT0NLLS0tLS0K', 18, 1),
(6, 'LS0tLS1CRUdJTiBQR1AgUFVCTElDIEtFWSBCTE9DSy0tLS0tCgp4ak1FWStFYTNSWUpLd1lCQkFIYVJ3OEJBUWRBR0JESjRFYzNuYVJzdjlwN1ZCYVY5UDRZcWU2a2hyRWQKblUvNGJHbFJPMmZOR1dSMWJXMTVOeUE4WkhWdGJYazNRR2R0WVdsc0xtTnZiVDdDakFRUUZnb0FQZ1VDClkrRWEzUVFMQ1FjSUNSRFc0dzgzSVNBU2hnTVZDQW9FRmdBQ0FRSVpBUUliQXdJZUFSWWhCRW1Pd3lUcQpucWNlRzFhRnRkYmpEemNoSUJLR0FBQUVld0QvZm1VWEw2UGUya1ZKOTJOTng4a0FobGhzV1ZIbTM4QloKU21DeXJkM25VSndBLzJ2VXZsdStrMFRpZ0RaRDc2amlZMEVlbm9Teld3MlF2MUNTbVVDNWxOY016amdFClkrRWEzUklLS3dZQkJBR1hWUUVGQVFFSFFMZnA2aXVFOVNwem94cEpQaTJzRXdSbjFRaXg3SUpiNDB4UgpxV1ZzQUhKR0F3RUlCOEo0QkJnV0NBQXFCUUpqNFJyZENSRFc0dzgzSVNBU2hnSWJEQlloQkVtT3d5VHEKbnFjZUcxYUZ0ZGJqRHpjaElCS0dBQUM1bFFEL2UwRzY5T0xHdUh3S0N4OUYrZTUvUnRXSTMwVWNRNFF4CkVzRXBlUTAvWlVnQS8zdFo5M2dka090dk1sazd2eTJVS01QcmhlOXk5dXI5NHAwY1UvQWxOL2tNCj1zSUt3Ci0tLS0tRU5EIFBHUCBQVUJMSUMgS0VZIEJMT0NLLS0tLS0K', 18, 1),
(7, 'LS0tLS1CRUdJTiBQR1AgUFVCTElDIEtFWSBCTE9DSy0tLS0tCgp4ak1FWStFYlNoWUpLd1lCQkFIYVJ3OEJBUWRBRVdKb1RuMGR5WCs2MG5TM0FjVCtEQUNBZjd5bm5idTMKNnQwQkZBaHg4TlhOR1dSMWJXMTVOeUE4WkhWdGJYazNRR2R0WVdsc0xtTnZiVDdDakFRUUZnb0FQZ1VDClkrRWJTZ1FMQ1FjSUNSQTRBMG5CcFRtdDJBTVZDQW9FRmdBQ0FRSVpBUUliQXdJZUFSWWhCSzdPZzRQTgpKVVhvTWsrb05UZ0RTY0dsT2EzWUFBQUx3Z0QvWndJU1RqMlhPT1cwQTNWVkpYbDhJNEpVSDFTVFRqRkwKelJNeGlQa3NXbWdCQVBNQ3FnNHd1MnJuN2l0QTl1dUs0eUVZS1JmSDd1SjlSR3IzM2F4ZVBCVUp6amdFClkrRWJTaElLS3dZQkJBR1hWUUVGQVFFSFFLWnpibmtIZ2daSUt3bi94emZPWEo1UWwxYzhaeEx4NTdrQgpVM1BTMXYxc0F3RUlCOEo0QkJnV0NBQXFCUUpqNFJ0S0NSQTRBMG5CcFRtdDJBSWJEQlloQks3T2c0UE4KSlVYb01rK29OVGdEU2NHbE9hM1lBQURZTHdFQTdIYXQrTk5zYjE2d1M1R2JzeWV6MUc4akw1QWg2V2RjCitQSlViSTR2bTN3QS8wMHdZY0lCQ00zNzgwRmdteDF6YThlSGRLVjJNMmRoYnpNSEd0Tkk1d3dPCj10STNlCi0tLS0tRU5EIFBHUCBQVUJMSUMgS0VZIEJMT0NLLS0tLS0K', 18, 1),
(8, 'LS0tLS1CRUdJTiBQR1AgUFVCTElDIEtFWSBCTE9DSy0tLS0tCgp4ak1FWStFYlZ4WUpLd1lCQkFIYVJ3OEJBUWRBNXprYUpSMm56Q2hVZmhReFR3blFIRnVBaWxFc0pmQjMKam1QZ093RnlFMkhOR1dSMWJXMTVOeUE4WkhWdGJYazNRR2R0WVdsc0xtTnZiVDdDakFRUUZnb0FQZ1VDClkrRWJWd1FMQ1FjSUNSQXJQMlVMMGYxR1lBTVZDQW9FRmdBQ0FRSVpBUUliQXdJZUFSWWhCSnAyaWNxWgo3VFVMOFd1OG9Dcy9aUXZSL1VaZ0FBQ01ud0VBM0Zvd0cwNFM2OGFuWkU5OTNuWGR5cHUwV3I2R3ZZVzAKUnRvSmpKSml5NjRCQUlvRG9GbmcxUy9GejhmeElVa2FoVDhhZUdjU3lMSHl1QlMxOWwzT0tnOEJ6amdFClkrRWJWeElLS3dZQkJBR1hWUUVGQVFFSFFQT2xUbitoZzczZUFGL1I2N0RQc3hWNTBsQnRmM1VtZldmNwpjM1c2QjdZNEF3RUlCOEo0QkJnV0NBQXFCUUpqNFJ0WENSQXJQMlVMMGYxR1lBSWJEQlloQkpwMmljcVoKN1RVTDhXdThvQ3MvWlF2Ui9VWmdBQUErUkFFQXl2ak1FTWYrZUpTM3hJUDRGRVZtd0JDTTUzL1MzUkwxCmI5UmowOGVzUnBFQS9pRFQxVVJFamRVSm5aKzRvc3NpVitCeEZaYmZkaHlvZUZBbHpXNDJYTTBCCj16WCtsCi0tLS0tRU5EIFBHUCBQVUJMSUMgS0VZIEJMT0NLLS0tLS0K', 18, 1),
(9, 'LS0tLS1CRUdJTiBQR1AgUFVCTElDIEtFWSBCTE9DSy0tLS0tCgp4ak1FWStFYllCWUpLd1lCQkFIYVJ3OEJBUWRBbCtZQ01keXhpM2JQZ3U1aVl1NncyZFBHQ1FacWFINUYKR1czbDRyQTBxdGJOR1dSMWJXMTVOeUE4WkhWdGJYazNRR2R0WVdsc0xtTnZiVDdDakFRUUZnb0FQZ1VDClkrRWJZQVFMQ1FjSUNSQjhQS21yTkx3eDFnTVZDQW9FRmdBQ0FRSVpBUUliQXdJZUFSWWhCSmM5QmFKaQptK3k1bWxKM0FYdzhxYXMwdkRIV0FBQzVpd0VBL2hwVk1GbWo2MnJaRnVIaVY1VEdvTXpZSUNIRFhlcEoKQ1pqeTUvejFaYXNCQUxlamhLR3RTc1FKL0tjYmFvQVJJVCtvNnp4bVFjMk8zMFBYL3ZrNGRORUp6amdFClkrRWJZQklLS3dZQkJBR1hWUUVGQVFFSFFJUlFESWYzak10UW1ud1JURHh1K2M2cTh2a3hXUzEzNlk3cQp4c3pXT2lCeUF3RUlCOEo0QkJnV0NBQXFCUUpqNFJ0Z0NSQjhQS21yTkx3eDFnSWJEQlloQkpjOUJhSmkKbSt5NW1sSjNBWHc4cWFzMHZESFdBQUQrU0FEL2ZvbUkyc3lwMmhJTVZiZU0rU3ZqN0FEdjdFZlF6VHZVCmFZSVBHeEExK0drQkFKQndXNWZubzBpR3ZmUkVqbVBsY2Uyc1lIejVWcENDUU5TZWdMcytzNW9FCj03RWZsCi0tLS0tRU5EIFBHUCBQVUJMSUMgS0VZIEJMT0NLLS0tLS0K', 18, 1),
(10, 'LS0tLS1CRUdJTiBQR1AgUFVCTElDIEtFWSBCTE9DSy0tLS0tCgp4ak1FWStFYmhSWUpLd1lCQkFIYVJ3OEJBUWRBVmdhTjFMY1huQ3l3NXZBRE1uTkx1Wjdhdk5QTVJFSTAKVzFaUjVETlBnb0xOR1dSMWJXMTVOeUE4WkhWdGJYazNRR2R0WVdsc0xtTnZiVDdDakFRUUZnb0FQZ1VDClkrRWJoUVFMQ1FjSUNSQUtqWDB0TTdTamJ3TVZDQW9FRmdBQ0FRSVpBUUliQXdJZUFSWWhCRnlBV01JYwphK0J0Ny9DSUhncU5mUzB6dEtOdkFBQzJ5UUQvYnVBOGFJM29CazZDWkowYjZIVnRIQ2NHOEVybktBWXQKNGpTQU80b2xnaU1CQVA4RzZ2VlF4dU5tSm8xZmt3TytRN2dZMXZvRXM1SVY0VytucFlPZzlYc0x6amdFClkrRWJoUklLS3dZQkJBR1hWUUVGQVFFSFFBb0ZEc01uMkdOMTA1U0ZFWmxyakthK2lDOUVUZXh3VHhIcwpkMzAzc05FNkF3RUlCOEo0QkJnV0NBQXFCUUpqNFJ1RkNSQUtqWDB0TTdTamJ3SWJEQlloQkZ5QVdNSWMKYStCdDcvQ0lIZ3FOZlMwenRLTnZBQUNKUHdEL2RhTy9JbVBBL3J5bm90VlU4Yk9HRytmd3YvNFFQdDdlCjZFUkw1Z052bzBjQS9Ba0ZvSkwxMkg3UnMwbC9OUjR6Zy84c0tYRGU1dVRybC9TaS9jUlluRmtDCj0zWGg0Ci0tLS0tRU5EIFBHUCBQVUJMSUMgS0VZIEJMT0NLLS0tLS0K', 18, 1),
(11, 'LS0tLS1CRUdJTiBQR1AgUFVCTElDIEtFWSBCTE9DSy0tLS0tCgp4ak1FWStFYm54WUpLd1lCQkFIYVJ3OEJBUWRBVVlnSWhqc2tySE1PenJ1YzBNRHlNZnhIVjFlcDBpdlEKQS9qMURzZThaV2ZOR1dSMWJXMTVOeUE4WkhWdGJYazNRR2R0WVdsc0xtTnZiVDdDakFRUUZnb0FQZ1VDClkrRWJud1FMQ1FjSUNSQzBRTWdQbjVVSXRnTVZDQW9FRmdBQ0FRSVpBUUliQXdJZUFSWWhCUDg1WXZIeApPQWRydytjOThiUkF5QStmbFFpMkFBQzVGd0VBbUNvQ1FsNHZZTFBPaU45eTRrVWhNRjZidmFpTVZ1dGgKZkRDOStTdTN0Q0FBLzJFWUtqTUlBalJOSGR6cTVrZXRxZlorYWl2L0dMYkJOaGdrNHBNOVBNb0d6amdFClkrRWJueElLS3dZQkJBR1hWUUVGQVFFSFFPR2FlODVHbXFVVENYQlRQV0ZTbU9kYUtqejhtRWswZU0rdAozY3VBRC9OTEF3RUlCOEo0QkJnV0NBQXFCUUpqNFJ1ZkNSQzBRTWdQbjVVSXRnSWJEQlloQlA4NVl2SHgKT0FkcncrYzk4YlJBeUErZmxRaTJBQUN2akFFQS9mVHo2dDZyMG40cXN1T2RGT0hCL3Q2dnVMQmo0ZkJhCnp3NHdhNXdjdnZnQkFQY1ZXdVZmRml6blZBazJ5OGx0TXR5bUt0b21BTHRoN0IxakprUFo2WHNOCj1MMlUwCi0tLS0tRU5EIFBHUCBQVUJMSUMgS0VZIEJMT0NLLS0tLS0K', 18, 1),
(12, 'LS0tLS1CRUdJTiBQR1AgUFVCTElDIEtFWSBCTE9DSy0tLS0tCgp4ak1FWStFYitCWUpLd1lCQkFIYVJ3OEJBUWRBUURpVVlYVmJTcFNMcVB3Y1VnM00xdEZQYWxhVDlSaFMKL3Y3bVdrZzgzcTNOR1dSMWJXMTVOeUE4WkhWdGJYazNRR2R0WVdsc0xtTnZiVDdDakFRUUZnb0FQZ1VDClkrRWIrQVFMQ1FjSUNSRFdqZWlZeEtwSmdRTVZDQW9FRmdBQ0FRSVpBUUliQXdJZUFSWWhCRWc5OUt5cApmQ3IxLzJ1eS90YU42SmpFcWttQkFBQW10Z0Q5R2xObzFqSGNjRmJQeXJtZGp5RlZ1M1liSDlhK2N5cHAKUWs0YnNJT3I4a0VCQU5idlUwdi9XMnlhVEljVjlQRnZBVHZFcGRscG1wZDdzOVoreTZlc0xGUVB6amdFClkrRWIrQklLS3dZQkJBR1hWUUVGQVFFSFFMcXdiTTB4RzJETmNvQkdVaXNPcTdvWkFkUzRhU2I1aUJvRQpGMGwxOHl3R0F3RUlCOEo0QkJnV0NBQXFCUUpqNFJ2NENSRFdqZWlZeEtwSmdRSWJEQlloQkVnOTlLeXAKZkNyMS8ydXkvdGFONkpqRXFrbUJBQUE1dmdEL1cxNHd2dDE1bllicTlLMkNESzk5VnJXdzVldTB0RjVrCkhNcHhyTERUSW9rQS9qZ1ZDckQ2a0lXSFNDdkFCUUs4Tk1RbnhzQ0tTRmsrVUZsTkV0R3E3Z29CCj1NekRjCi0tLS0tRU5EIFBHUCBQVUJMSUMgS0VZIEJMT0NLLS0tLS0K', 18, 1),
(13, 'LS0tLS1CRUdJTiBQR1AgUFVCTElDIEtFWSBCTE9DSy0tLS0tCgp4ak1FWStFY0tCWUpLd1lCQkFIYVJ3OEJBUWRBTVpJOVpBM2VoZHhSbGozVnppU2ZWRkxXTHJENXEzNzIKdlpxUWx5L0pxMHJOR1dSMWJXMTVOeUE4WkhWdGJYazNRR2R0WVdsc0xtTnZiVDdDakFRUUZnb0FQZ1VDClkrRWNLQVFMQ1FjSUNSQ1craEM0MU1iRzRnTVZDQW9FRmdBQ0FRSVpBUUliQXdJZUFSWWhCTmRwamI5QQpHM0NNUGlBYzc1YjZFTGpVeHNiaUFBQXhDUUVBeHRiUDRPYk81TG5RSlFpV0VIQTRZWW9ma1N4cElNMTkKSFVFRzlwNUl2cFVBLzJvOElzUWpuNHI3bTVPVmRDc0dOQ3dvYTZETEt2MW1pR1dyTTdxYVFGc0x6amdFClkrRWNLQklLS3dZQkJBR1hWUUVGQVFFSFFCbko0dlJPM0JnYVZXbWJxMnBzbzZHR20zNm5qL01HREZOOQovLy92OURCUkF3RUlCOEo0QkJnV0NBQXFCUUpqNFJ3b0NSQ1craEM0MU1iRzRnSWJEQlloQk5kcGpiOUEKRzNDTVBpQWM3NWI2RUxqVXhzYmlBQURueGdEK003N0cyeW9kVS9MeEIvd0RWbzNNL1p3WEtrSS9KNThjCnZiM2c0R2NWRHJJQS9pd2dRRC96bTNOM0xxbGJmcWo3OFdWU2ZDb1doTkhoL1ZNQXlraWcvQVFICj1VcU8wCi0tLS0tRU5EIFBHUCBQVUJMSUMgS0VZIEJMT0NLLS0tLS0K', 18, 1),
(14, 'LS0tLS1CRUdJTiBQR1AgUFVCTElDIEtFWSBCTE9DSy0tLS0tCgp4ak1FWStFY09SWUpLd1lCQkFIYVJ3OEJBUWRBc3FtejhYYnRZWitxYWpYZGJaYytEL2k2SmxKRzBiOWkKa1dXMFZMZ2dnTlBOR1dSMWJXMTVOeUE4WkhWdGJYazNRR2R0WVdsc0xtTnZiVDdDakFRUUZnb0FQZ1VDClkrRWNPUVFMQ1FjSUNSQ3lRVE41d2pzR05nTVZDQW9FRmdBQ0FRSVpBUUliQXdJZUFSWWhCSXdiMG9ScwpWZkF3SkVYZDNySkJNM25DT3dZMkFBQUNkZ0VBbzROT0R0MVloNWFCbjRnN1l3SExnNG55R1I1TjA5N0MKbmNzbG1OditCVm9BLzBnY1I1Q3VCRU9rK2hJbzlGcFFmcDJFMVRBekFxOWtla2xFTmtXQTQ2QUR6amdFClkrRWNPUklLS3dZQkJBR1hWUUVGQVFFSFFPVnVSZGZ1Vjg4K1FINnJwYmRQWXduRG9pVDBrd2FQYzBJZAppblVZYkc1MEF3RUlCOEo0QkJnV0NBQXFCUUpqNFJ3NUNSQ3lRVE41d2pzR05nSWJEQlloQkl3YjBvUnMKVmZBd0pFWGQzckpCTTNuQ093WTJBQUJBbWdEL1VVR0JrdHlnMkljN09FSFBoeFpsMU80eGl0RmxWelVzCitWL0ZVaVFpdDJJQkFKakVSN0VGWVRqRVZlSzdwRGV0OGU4eGZJV1ZQUnJONzEzbWlScUFkZTRCCj00cjRXCi0tLS0tRU5EIFBHUCBQVUJMSUMgS0VZIEJMT0NLLS0tLS0K', 18, 1),
(15, 'LS0tLS1CRUdJTiBQR1AgUFVCTElDIEtFWSBCTE9DSy0tLS0tCgp4ak1FWStFY2ZoWUpLd1lCQkFIYVJ3OEJBUWRBOHJYdkkvMHJRcnd3N3VVRjVSQ2hXRC8zNSswVEdtbE0KWUQzc1Y2ZkZkM2ZOR1dSMWJXMTVOeUE4WkhWdGJYazNRR2R0WVdsc0xtTnZiVDdDakFRUUZnb0FQZ1VDClkrRWNmZ1FMQ1FjSUNSRDZFRHE2WnJHOGhBTVZDQW9FRmdBQ0FRSVpBUUliQXdJZUFSWWhCR3Z5aUZWQwptNzVPVkdwUmhmb1FPcnBtc2J5RUFBQm9kQUVBeEpVSEFzOUYwbVZCTUx5WDVEZWZGUHhGUmUwSmNDbXcKL2NacllmZ0U1VzBCQUl5akhIQThGRFpLWjZQQ2dCdzUvV0RQTVd5b3FiWk5wdE5oN1NSTXlhZ0N6amdFClkrRWNmaElLS3dZQkJBR1hWUUVGQVFFSFFFb2hDcE1UR2JUVDZuNGVzZEhGYzRPMHFoNVRMWnk1NEFYTApuOGZCWmlna0F3RUlCOEo0QkJnV0NBQXFCUUpqNFJ4K0NSRDZFRHE2WnJHOGhBSWJEQlloQkd2eWlGVkMKbTc1T1ZHcFJoZm9RT3JwbXNieUVBQUFHdUFFQS8vWGMvUG82Nk5EWUtHMHZVZStyYXMwM0srK0x6cEhFClFuUDhZZ1RCK0FNQS9SckhYeUh0dHIwUXJXdGtxV1A0V0FLS3I0d2lrczRTdTRxeXJZV28rK29OCj1KUlNmCi0tLS0tRU5EIFBHUCBQVUJMSUMgS0VZIEJMT0NLLS0tLS0K', 18, 1),
(16, 'LS0tLS1CRUdJTiBQR1AgUFVCTElDIEtFWSBCTE9DSy0tLS0tCgp4ak1FWStFZGZ4WUpLd1lCQkFIYVJ3OEJBUWRBbkEwR0YvS0VIbHNxeUJCbjkvcmpRdmtGWkVWUlY2bGQKbXhQbXF6TzZacVROR1dSMWJXMTVOeUE4WkhWdGJYazNRR2R0WVdsc0xtTnZiVDdDakFRUUZnb0FQZ1VDClkrRWRmd1FMQ1FjSUNSQVpvQ210ZGdxNlpBTVZDQW9FRmdBQ0FRSVpBUUliQXdJZUFSWWhCTSsxL2xONApjVlFXOFYwaTd4bWdLYTEyQ3Jwa0FBQTNjUUQvZFNjOFVzSFJvV0kvSmg2alJZNHZXNk1ZSGlHUVBjL0cKWm1Hb1E5c1RuSE1CQVBqbCtvWHJzRzNLSE1obXEyNUFvOENsVGpkeVNaK1BwWGZrREJUV21yQUd6amdFClkrRWRmeElLS3dZQkJBR1hWUUVGQVFFSFFFcFI5QkVkMGtUUU1WcW85RTY4Uyt4amNPY3JsN293SGF3UQpCUFp6R2NoNkF3RUlCOEo0QkJnV0NBQXFCUUpqNFIxL0NSQVpvQ210ZGdxNlpBSWJEQlloQk0rMS9sTjQKY1ZRVzhWMGk3eG1nS2ExMkNycGtBQUMzdVFEK01sMDkveEdEckwyMXArM3FvQ3dkQ2luM1k1RlZ1enNKCjd2QnNGZVNYeEg0QS8wQ0NubkQvaElDd00yOGZ2VFBLcFJ5eVFERW5kKzlNV1MvWnRaVWVTd2dKCj0yQktwCi0tLS0tRU5EIFBHUCBQVUJMSUMgS0VZIEJMT0NLLS0tLS0K', 18, 1),
(17, 'LS0tLS1CRUdJTiBQR1AgUFVCTElDIEtFWSBCTE9DSy0tLS0tCgp4ak1FWStFZVFSWUpLd1lCQkFIYVJ3OEJBUWRBeXU1a3h3a2Y3a2hONVc5eWxPSmVLVFFxbnpSblEzRjQKcGhiRjFqSVNtMzNOR1dSMWJXMTVOeUE4WkhWdGJYazNRR2R0WVdsc0xtTnZiVDdDakFRUUZnb0FQZ1VDClkrRWVRUVFMQ1FjSUNSRDdOcVRVTnZDWXRBTVZDQW9FRmdBQ0FRSVpBUUliQXdJZUFSWWhCQkJBalFObQpEQjk2ckQzakV2czJwTlEyOEppMEFBQVkyUUQvV3BZQUdiYzJFRlFySXVZZGUzbFF5UjNjcE1SMytRNTQKS3lvS0xrTGJaUDhCQUtGM2JRVTB3L0w4MkV6bjdJM1VBQmo1UXRsdzVmTG9adXl0LzR3dTdUOEd6amdFClkrRWVRUklLS3dZQkJBR1hWUUVGQVFFSFFKS1dsdUJXSEVQSjJhR2pUVk5VdVdDU25Jam5HWUwzL1hJaQpaSHVUVGE5a0F3RUlCOEo0QkJnV0NBQXFCUUpqNFI1QkNSRDdOcVRVTnZDWXRBSWJEQlloQkJCQWpRTm0KREI5NnJEM2pFdnMycE5RMjhKaTBBQUI1UlFFQWhROElSQWZvbEZkeXZQbDcycldua2RDTStRN3JKZUw3CnZKWWljdEJFZGxnQS9qdmxkWVRWUmREeitENDVhNjRuMEZ1R2NYNnNXL1B5YzA3NTRjbXJTK2tFCj1TbFRvCi0tLS0tRU5EIFBHUCBQVUJMSUMgS0VZIEJMT0NLLS0tLS0K', 18, 1);

-- --------------------------------------------------------

--
-- Table structure for table `pengguna`
--

DROP TABLE IF EXISTS `pengguna`;
CREATE TABLE `pengguna` (
  `pengguna_id` int(11) NOT NULL,
  `pengguna_email` varchar(100) NOT NULL,
  `pengguna_password` varchar(50) NOT NULL,
  `pengguna_username` varchar(50) NOT NULL
) ENGINE=InnoDB DEFAULT CHARSET=utf8mb4 COLLATE=utf8mb4_general_ci;

--
-- Dumping data for table `pengguna`
--

INSERT INTO `pengguna` (`pengguna_id`, `pengguna_email`, `pengguna_password`, `pengguna_username`) VALUES
(1, 'jevon.harijadi@gmail.com', '15August2000', ''),
(7, 'dummy1@gmail.com', '8c2753548775b4161e531c323ea24c08', 'dummy1'),
(12, 'dummy2@gmail.com', 'c0c40e7a94eea7e2c238b75273087710', 'dummy2'),
(14, 'dummy3@gmail.com', 'ffdc12d8d601ae40f258acf3d6e7e1fb', 'dummy3'),
(15, 'dummy4@gmail.com', 'abc5fc01b06bef661bbd671bde23aa39', 'dummy4'),
(16, 'dummy5@gmail.com', '20b70cebcb94b1c9ba30d17ab542a6dc', 'dummy5'),
(17, 'dummy6@gmail.com', '113b4efc8ac37799e1bcdf302e19eabc', 'dummy6'),
(18, 'dummy7@gmail.com', '84d9b672a603dac38575b46e639b2896', 'dummy7');

--
-- Indexes for dumped tables
--

--
-- Indexes for table `file`
--
ALTER TABLE `file`
  ADD PRIMARY KEY (`file_id`),
  ADD KEY `fk_history` (`fk_history`);

--
-- Indexes for table `history`
--
ALTER TABLE `history`
  ADD PRIMARY KEY (`history_id`),
  ADD KEY `fk_receiver` (`history_fk_receiver`),
  ADD KEY `fk_sender` (`history_fk_sender`);

--
-- Indexes for table `kunci`
--
ALTER TABLE `kunci`
  ADD PRIMARY KEY (`kunci_id`),
  ADD KEY `fk_pengguna` (`fk_pengguna`);

--
-- Indexes for table `pengguna`
--
ALTER TABLE `pengguna`
  ADD PRIMARY KEY (`pengguna_id`),
  ADD UNIQUE KEY `user_email` (`pengguna_email`);

--
-- AUTO_INCREMENT for dumped tables
--

--
-- AUTO_INCREMENT for table `file`
--
ALTER TABLE `file`
  MODIFY `file_id` int(11) NOT NULL AUTO_INCREMENT, AUTO_INCREMENT=15;

--
-- AUTO_INCREMENT for table `history`
--
ALTER TABLE `history`
  MODIFY `history_id` int(11) NOT NULL AUTO_INCREMENT, AUTO_INCREMENT=15;

--
-- AUTO_INCREMENT for table `kunci`
--
ALTER TABLE `kunci`
  MODIFY `kunci_id` int(11) NOT NULL AUTO_INCREMENT, AUTO_INCREMENT=18;

--
-- AUTO_INCREMENT for table `pengguna`
--
ALTER TABLE `pengguna`
  MODIFY `pengguna_id` int(11) NOT NULL AUTO_INCREMENT, AUTO_INCREMENT=19;

--
-- Constraints for dumped tables
--

--
-- Constraints for table `file`
--
ALTER TABLE `file`
  ADD CONSTRAINT `fk_history` FOREIGN KEY (`fk_history`) REFERENCES `history` (`history_id`);

--
-- Constraints for table `history`
--
ALTER TABLE `history`
  ADD CONSTRAINT `fk_receiver` FOREIGN KEY (`history_fk_receiver`) REFERENCES `pengguna` (`pengguna_id`),
  ADD CONSTRAINT `fk_sender` FOREIGN KEY (`history_fk_sender`) REFERENCES `pengguna` (`pengguna_id`);

--
-- Constraints for table `kunci`
--
ALTER TABLE `kunci`
  ADD CONSTRAINT `fk_pengguna` FOREIGN KEY (`fk_pengguna`) REFERENCES `pengguna` (`pengguna_id`);
COMMIT;

/*!40101 SET CHARACTER_SET_CLIENT=@OLD_CHARACTER_SET_CLIENT */;
/*!40101 SET CHARACTER_SET_RESULTS=@OLD_CHARACTER_SET_RESULTS */;
/*!40101 SET COLLATION_CONNECTION=@OLD_COLLATION_CONNECTION */;
